feature,importance
catalog_purchase_share,1.3379139333954013
web_purchase_share,1.0026073333797756
total_campaign_acceptances,0.7713000094279434
recency,0.7192390124927204
total_spend,0.6823006290028724
num_web_visits_month,0.5966274107378848
num_web_purchases,0.34545298510010175
num_catalog_purchases,0.3191156668215539
store_purchase_share,0.2637112308718087
total_purchases,0.22376584172257427
num_deals_purchases,0.19080774885897758
household_size,0.1890464002200005
total_children,0.18904640021999752
num_store_purchases,0.08619038854396895
income,0.07372485951611313
