feature,non_churned_median,churned_median,u_statistic,p_value,effect_size,adjusted_p_value,significant
active_purchase_months,5.0,2.0,6559089.5,6.0071857186396975e-270,0.4494920842426644,6.607904290503667e-269,True
purchase_frequency,5.0,2.0,6557856.5,2.681014350658606e-267,0.4492448261867686,1.4745578928622332e-266,True
total_units_purchased,982.0,270.0,6497269.0,3.303568882906927e-246,0.4370949904515008,1.2113085903992066e-245,True
total_spend,1686.28,496.0,6452791.0,2.393079646325681e-236,0.42817565240597577,6.5809690273956235e-236,True
total_purchase_lines,105.0,31.0,6445425.0,9.497341606786851e-235,0.4266985211490996,2.0894151534931073e-234,True
unique_products_purchased,77.0,28.0,6326800.5,1.5422626661789502e-209,0.4029103108882656,2.8274815546614087e-209,True
return_lines,1.0,0.0,5436128.0,2.273192293841737e-81,0.2243004562330918,3.572159318894158e-81,True
returned_units,1.0,0.0,5401381.5,2.3671584950533887e-76,0.21733261191907513,3.2548429306984097e-76,True
average_order_value,313.6,253.89,5147376.5,2.8400225182789517e-37,0.166396048668624,3.4711386334520517e-37,True
return_line_rate,0.005,0.0,5006317.5,7.045786927196552e-32,0.13810896504607567,7.750365619916207e-32,True
